{
    "body": "Heavy-duty use. Storage at over 30 °C ambient temperature. Prolonged storage in a completely charged or completely discharged state. Parking of the eBike in the blazing sun",
    "contentHtml": "Heavy-duty use. Storage at over 30 °C ambient temperature. Prolonged storage in a completely charged or completely discharged state. Parking of the eBike in the blazing sun",
    "sourceUrl": "https://www.bosch-ebike.com/fileadmin/EBC/downloads/Broschueren/Bosch-eBike-battery-guide-MY2016-EN.pdf?_=1464878835",
    "id": "015",
    "title": "Factors that shorten the service life"
}