{
    "body": "The charging time depends on the capacity of the rechargeable battery: To charge up to 50 %, the PowerPack 300 requires approx. one hour, the PowerPack 400 approx. 1.5 hours, and the new PowerPack 500 approx. two hours. An empty PowerPack 300 is fully charged in just 2.5 hours. A PowerPack 400 needs 3.5 hours for this, and the PowerPack 500 4.5 hours. A charge cycle refers to full charge in a single charging session or several partial charging sessions.",
    "contentHtml": "The charging time depends on the capacity of the rechargeable battery: To charge up to 50 %, the PowerPack 300 requires approx. one hour, the PowerPack 400 approx. 1.5 hours, and the new PowerPack 500 approx. two hours. An empty PowerPack 300 is fully charged in just 2.5 hours. A PowerPack 400 needs 3.5 hours for this, and the PowerPack 500 4.5 hours. A charge cycle refers to full charge in a single charging session or several partial charging sessions.",
    "sourceUrl": "https://www.bosch-ebike.com/fileadmin/EBC/downloads/Broschueren/Bosch-eBike-battery-guide-MY2016-EN.pdf?_=1464878835",
    "id": "012",
    "title": "Charging time"
}