{
    "body": "<p>The charging time depends on the battery’s capacity. Using the standard charger (for a half charge) the PowerPack 400 takes about 1.5 hours and the PowerPack 500 roughly 2 hours. A totally depleted PowerPack 400 takes 3.5 and a PowerPack 500 roughly 4.5 hours.</p>",
    "contentHtml": "<p>The charging time depends on the battery’s capacity. Using the standard charger (for a half charge) the PowerPack 400 takes about 1.5 hours and the PowerPack 500 roughly 2 hours. A totally depleted PowerPack 400 takes 3.5 and a PowerPack 500 roughly 4.5 hours.</p>",
    "sourceUrl": "https://www.bosch-ebike.com/en/service/service-tips/",
    "id": "005",
    "title": "How long does it take to charge a battery?"
}