{
    "body": "<p>To get the longest service life out of a battery eBikers need only to follow a few simple rules in respect of protection, transport and storage. They include storing the battery in a dry environment and protecting it from direct sunlight at a room temperature of around 59°F (15°C) to 68°F (20°C). The ideal charging level for a battery is between 30% and 60%. Ideally, the battery should be recharged at room temperature. When transporting an eBike it is important to remove the battery from the bike and store it safely in the car.</p>",
    "contentHtml": "<p>To get the longest service life out of a battery eBikers need only to follow a few simple rules in respect of protection, transport and storage. They include storing the battery in a dry environment and protecting it from direct sunlight at a room temperature of around 59°F (15°C) to 68°F (20°C). The ideal charging level for a battery is between 30% and 60%. Ideally, the battery should be recharged at room temperature. When transporting an eBike it is important to remove the battery from the bike and store it safely in the car.</p>",
    "sourceUrl": "https://www.bosch-ebike.com/en/service/service-tips/",
    "id": "004",
    "title": "How can you influence the service life?"
}