{
    "body": "The dealer will ensure that a Bosch PowerPack is disposed of in an environmentally sound way free of charge. Disposal in the United States is handled by CALL2RECYCLE at (877) 723-1297.",
    "contentHtml": "The dealer will ensure that a Bosch PowerPack is disposed of in an environmentally sound way free of charge. Disposal in the United States is handled by CALL2RECYCLE at (877) 723-1297.",
    "sourceUrl": "https://www.bosch-ebike.com/en/service/service-tips/",
    "id": "012",
    "title": "How do you dispose of an old battery?"
}