{
    "body": "<p>A pressure washer is unsuitable for cleaning an eBike, especially its electronic components. We recommend wiping the battery with a damp cloth. Do not use strong detergents that might affect the surface and always remove the battery before cleaning the eBike. Its plug connectors should also be cleaned and lightly greased from time to time.</p>",
    "contentHtml": "<p>A pressure washer is unsuitable for cleaning an eBike, especially its electronic components. We recommend wiping the battery with a damp cloth. Do not use strong detergents that might affect the surface and always remove the battery before cleaning the eBike. Its plug connectors should also be cleaned and lightly greased from time to time.</p>",
    "sourceUrl": "https://www.bosch-ebike.com/en/service/service-tips/",
    "id": "008",
    "title": "What must be kept in mind when cleaning the battery?"
}