{
    "body": "Lithium-ion batteries are among the most up-to-date and common eBike batteries around. Thanks to their high energy density they can store more energy and are relatively light in weight. We rely on lithium-ion technology for all of our Bosch eBike batteries – our PowerPacks. Bosch batteries weigh about 5.5 lbs (2.5 kg) and are among the lightest on the market. They also have the highest energy density.",
    "contentHtml": "Lithium-ion batteries are among the most up-to-date and common eBike batteries around. Thanks to their high energy density they can store more energy and are relatively light in weight. We rely on lithium-ion technology for all of our Bosch eBike batteries – our PowerPacks. Bosch batteries weigh about 5.5 lbs (2.5 kg) and are among the lightest on the market. They also have the highest energy density.",
    "sourceUrl": "https://www.bosch-ebike.com/us-en/news/11-questions-about-the-ebike-battery/",
    "id": "002",
    "title": "What is special about lithium-ion batteries?"
}