{
    "body": "<p>A general rule is that cold weather reduces battery performance. That is why, in winter at below-zero temperatures, it is advisable to wait until just before you set out before attaching to your eBike a battery that has been charged and stored at room temperature. If you have not used the eBike for quite a while – in winter, for example – the battery should be stored in an environment that is dry and cool at about 30% to 60% of its charge capacity.</p>",
    "contentHtml": "<p>A general rule is that cold weather reduces battery performance. That is why, in winter at below-zero temperatures, it is advisable to wait until just before you set out before attaching to your eBike a battery that has been charged and stored at room temperature. If you have not used the eBike for quite a while – in winter, for example – the battery should be stored in an environment that is dry and cool at about 30% to 60% of its charge capacity.</p>",
    "sourceUrl": "https://www.bosch-ebike.com/en/service/service-tips/",
    "id": "007",
    "title": "What precautions should be taken in winter?"
}